{"cameraMode":{"drawMode":0,"name":"Shaded","section":"Shading Mode"},"sceneLighting":true,"audioPlay":false,"sceneViewState":{"m_AlwaysRefresh":false,"showFog":true,"showSkybox":true,"showFlares":true,"showImageEffects":true,"showParticleSystems":true,"showVisualEffectGraphs":true,"m_FxEnabled":false},"in2DMode":false,"pivot":{"x":-0.32149842381477358,"y":3.5116169452667238,"z":-3.3298254013061525},"rotation":{"x":-0.34741345047950747,"y":-0.005633887369185686,"z":0.0019922463688999416,"w":-0.9376705288887024},"size":4.4163289070129398,"orthographic":false}