{"cameraMode":{"drawMode":0,"name":"Shaded","section":"Shading Mode"},"sceneLighting":true,"audioPlay":false,"sceneViewState":{"m_AlwaysRefresh":false,"showFog":true,"showSkybox":true,"showFlares":true,"showImageEffects":true,"showParticleSystems":true,"showVisualEffectGraphs":true,"m_FxEnabled":false},"in2DMode":false,"pivot":{"x":-2.0896410942077638,"y":14.655755996704102,"z":-0.6233905553817749},"rotation":{"x":0.6974955201148987,"y":-0.0010748743079602719,"z":0.0010462835198268295,"w":0.7165870070457459},"size":2.831772565841675,"orthographic":false}